Task,Optimistic,MostLikely,Pessimistic,PERT,MinDuration,MaxDuration
Task1,3.0,3.1,5.0,3.4,3.0,5.0
Task12,4.0,5.0,7.0,5.166666666666667,4.0,7.0
Task23,8.0,8.0,9.0,8.166666666666666,8.0,9.0
Task9,2.0,2.0,2.0,2.0,2.0,2.0
Task20,3.0,7.0,8.0,6.5,3.0,8.0
Task24,2.1,4.0,6.0,4.016666666666667,2.1,6.0
TOTAL,22.1,29.1,37.0,29.25,22.1,37.0
